198429,Mrs.,Serafina,I,Bumgarner,F,serafina.bumgarner@exxonmobil.com,9/21/1982,2/1/2008,69294
178566,Mrs.,Juliette,M,Rojo,F,juliette.rojo@yahoo.co.uk,5/8/1967,6/4/2011,193912
647173,Mr.,Milan,F,Krawczyk,M,milan.krawczyk@hotmail.com,4/4/1980,1/19/2012,123681
847634,Mr.,Elmer,R,Jason,M,elmer.jason@yahoo.com,4/9/1996,5/28/2017,93504
260736,Ms.,Zelda,P,Forest,F,zelda.forest@ibm.com,11/27/1959,1/28/2014,176642
811306,Mr.,Rhett,P,Wan,M,rhett.wan@hotmail.com,7/14/1976,1/21/2009,59406
496781,Dr.,Jonathan,Z,Rosa,M,jonathan.rosa@gmail.com,2/19/1981,7/23/2010,198838
301629,Mr.,Ruben,L,Weissman,M,ruben.weissman@gmail.com,12/28/1995,1/3/2017,48543
668065,Mrs.,Deja,H,Niemeyer,F,deja.niemeyer@gmail.com,9/4/1961,6/5/2012,130000
836931,Ms.,Selene,S,Ford,F,selene.ford@aol.com,3/23/1992,10/7/2013,143902
836931,Ms.,Selene,S,Ford,F,selene.ford@aol.com,3/23/1992,10/7/2013,143902
836931,Ms.,Selene,S,Ford,F,selene.ford@aol.com,3/23/1992,10/7/2013,143902
836931,Ms.,Selene,S,Ford,F,selene.ford@aol.com,3/23/1992,10/7/2013,143902
836931,Ms.,Selene,S,Ford,F,selene.ford@aol.com,3/23/1992,10/7/2013,143902
